/mnt/data/slbirc/slbirc.12.jpg;0
/mnt/data/slbirc/slbirc.10.jpg;0
/mnt/data/slbirc/slbirc.8.jpg;0
/mnt/data/slbirc/slbirc.19.jpg;0
/mnt/data/slbirc/slbirc.20.jpg;0
/mnt/data/slbirc/slbirc.11.jpg;0
/mnt/data/slbirc/slbirc.3.jpg;0
/mnt/data/slbirc/slbirc.6.jpg;0
/mnt/data/slbirc/slbirc.1.jpg;0
/mnt/data/slbirc/slbirc.16.jpg;0
/mnt/data/slbirc/slbirc.14.jpg;0
/mnt/data/slbirc/slbirc.7.jpg;0
/mnt/data/slbirc/slbirc.4.jpg;0
/mnt/data/slbirc/slbirc.9.jpg;0
/mnt/data/slbirc/slbirc.2.jpg;0
/mnt/data/slbirc/slbirc.17.jpg;0
/mnt/data/drbost/drbost.19.jpg;1
/mnt/data/drbost/drbost.14.jpg;1
/mnt/data/drbost/drbost.7.jpg;1
/mnt/data/drbost/drbost.1.jpg;1
/mnt/data/drbost/drbost.2.jpg;1
/mnt/data/drbost/drbost.8.jpg;1
/mnt/data/drbost/drbost.13.jpg;1
/mnt/data/drbost/drbost.15.jpg;1
/mnt/data/drbost/drbost.12.jpg;1
/mnt/data/drbost/drbost.10.jpg;1
/mnt/data/drbost/drbost.5.jpg;1
/mnt/data/drbost/drbost.3.jpg;1
/mnt/data/drbost/drbost.17.jpg;1
/mnt/data/drbost/drbost.9.jpg;1
/mnt/data/drbost/drbost.20.jpg;1
/mnt/data/drbost/drbost.6.jpg;1
/mnt/data/asewil/asewil.16.jpg;2
/mnt/data/asewil/asewil.14.jpg;2
/mnt/data/asewil/asewil.13.jpg;2
/mnt/data/asewil/asewil.8.jpg;2
/mnt/data/asewil/asewil.12.jpg;2
/mnt/data/asewil/asewil.6.jpg;2
/mnt/data/asewil/asewil.10.jpg;2
/mnt/data/asewil/asewil.5.jpg;2
/mnt/data/asewil/asewil.9.jpg;2
/mnt/data/asewil/asewil.11.jpg;2
/mnt/data/asewil/asewil.7.jpg;2
/mnt/data/asewil/asewil.4.jpg;2
/mnt/data/asewil/asewil.15.jpg;2
/mnt/data/asewil/asewil.3.jpg;2
/mnt/data/asewil/asewil.20.jpg;2
/mnt/data/asewil/asewil.2.jpg;2
/mnt/data/sbains/sbains.12.jpg;3
/mnt/data/sbains/sbains.5.jpg;3
/mnt/data/sbains/sbains.18.jpg;3
/mnt/data/sbains/sbains.2.jpg;3
/mnt/data/sbains/sbains.17.jpg;3
/mnt/data/sbains/sbains.15.jpg;3
/mnt/data/sbains/sbains.4.jpg;3
/mnt/data/sbains/sbains.16.jpg;3
/mnt/data/sbains/sbains.7.jpg;3
/mnt/data/sbains/sbains.6.jpg;3
/mnt/data/sbains/sbains.8.jpg;3
/mnt/data/sbains/sbains.13.jpg;3
/mnt/data/sbains/sbains.9.jpg;3
/mnt/data/sbains/sbains.14.jpg;3
/mnt/data/sbains/sbains.3.jpg;3
/mnt/data/sbains/sbains.1.jpg;3
/mnt/data/phughe/phughe.16.jpg;4
/mnt/data/phughe/phughe.15.jpg;4
/mnt/data/phughe/phughe.4.jpg;4
/mnt/data/phughe/phughe.14.jpg;4
/mnt/data/phughe/phughe.11.jpg;4
/mnt/data/phughe/phughe.8.jpg;4
/mnt/data/phughe/phughe.5.jpg;4
/mnt/data/phughe/phughe.18.jpg;4
/mnt/data/phughe/phughe.9.jpg;4
/mnt/data/phughe/phughe.20.jpg;4
/mnt/data/phughe/phughe.12.jpg;4
/mnt/data/phughe/phughe.17.jpg;4
/mnt/data/phughe/phughe.10.jpg;4
/mnt/data/phughe/phughe.3.jpg;4
/mnt/data/phughe/phughe.6.jpg;4
/mnt/data/phughe/phughe.13.jpg;4
/mnt/data/9336923/9336923.9.jpg;5
/mnt/data/9336923/9336923.3.jpg;5
/mnt/data/9336923/9336923.15.jpg;5
/mnt/data/9336923/9336923.17.jpg;5
/mnt/data/9336923/9336923.6.jpg;5
/mnt/data/9336923/9336923.18.jpg;5
/mnt/data/9336923/9336923.4.jpg;5
/mnt/data/9336923/9336923.11.jpg;5
/mnt/data/9336923/9336923.5.jpg;5
/mnt/data/9336923/9336923.13.jpg;5
/mnt/data/9336923/9336923.19.jpg;5
/mnt/data/9336923/9336923.16.jpg;5
/mnt/data/9336923/9336923.1.jpg;5
/mnt/data/9336923/9336923.2.jpg;5
/mnt/data/9336923/9336923.10.jpg;5
/mnt/data/9336923/9336923.12.jpg;5
/mnt/data/baokhuong/baokhuong.7.jpg;6
/mnt/data/baokhuong/baokhuong.27.jpg;6
/mnt/data/baokhuong/baokhuong.3.jpg;6
/mnt/data/baokhuong/baokhuong.21.jpg;6
/mnt/data/baokhuong/baokhuong.17.jpg;6
/mnt/data/baokhuong/baokhuong.4.jpg;6
/mnt/data/baokhuong/baokhuong.22.jpg;6
/mnt/data/baokhuong/baokhuong.16.jpg;6
/mnt/data/baokhuong/baokhuong.10.jpg;6
/mnt/data/baokhuong/baokhuong.5.jpg;6
/mnt/data/baokhuong/baokhuong.35.jpg;6
/mnt/data/baokhuong/baokhuong.31.jpg;6
/mnt/data/baokhuong/baokhuong.28.jpg;6
/mnt/data/baokhuong/baokhuong.23.jpg;6
/mnt/data/baokhuong/baokhuong.24.jpg;6
/mnt/data/baokhuong/baokhuong.18.jpg;6
/mnt/data/astefa/astefa.9.jpg;7
/mnt/data/astefa/astefa.2.jpg;7
/mnt/data/astefa/astefa.4.jpg;7
/mnt/data/astefa/astefa.10.jpg;7
/mnt/data/astefa/astefa.18.jpg;7
/mnt/data/astefa/astefa.11.jpg;7
/mnt/data/astefa/astefa.13.jpg;7
/mnt/data/astefa/astefa.5.jpg;7
/mnt/data/astefa/astefa.6.jpg;7
/mnt/data/astefa/astefa.1.jpg;7
/mnt/data/astefa/astefa.16.jpg;7
/mnt/data/astefa/astefa.7.jpg;7
/mnt/data/astefa/astefa.15.jpg;7
/mnt/data/astefa/astefa.17.jpg;7
/mnt/data/astefa/astefa.14.jpg;7
/mnt/data/astefa/astefa.8.jpg;7
/mnt/data/klclar/klclar.11.jpg;8
/mnt/data/klclar/klclar.12.jpg;8
/mnt/data/klclar/klclar.16.jpg;8
/mnt/data/klclar/klclar.6.jpg;8
/mnt/data/klclar/klclar.14.jpg;8
/mnt/data/klclar/klclar.7.jpg;8
/mnt/data/klclar/klclar.10.jpg;8
/mnt/data/klclar/klclar.3.jpg;8
/mnt/data/klclar/klclar.2.jpg;8
/mnt/data/klclar/klclar.9.jpg;8
/mnt/data/klclar/klclar.17.jpg;8
/mnt/data/klclar/klclar.13.jpg;8
/mnt/data/klclar/klclar.4.jpg;8
/mnt/data/klclar/klclar.20.jpg;8
/mnt/data/klclar/klclar.19.jpg;8
/mnt/data/klclar/klclar.18.jpg;8
/mnt/data/kaknig/kaknig.7.jpg;9
/mnt/data/kaknig/kaknig.16.jpg;9
/mnt/data/kaknig/kaknig.11.jpg;9
/mnt/data/kaknig/kaknig.1.jpg;9
/mnt/data/kaknig/kaknig.3.jpg;9
/mnt/data/kaknig/kaknig.19.jpg;9
/mnt/data/kaknig/kaknig.15.jpg;9
/mnt/data/kaknig/kaknig.14.jpg;9
/mnt/data/kaknig/kaknig.20.jpg;9
/mnt/data/kaknig/kaknig.4.jpg;9
/mnt/data/kaknig/kaknig.18.jpg;9
/mnt/data/kaknig/kaknig.10.jpg;9
/mnt/data/kaknig/kaknig.6.jpg;9
/mnt/data/kaknig/kaknig.13.jpg;9
/mnt/data/kaknig/kaknig.5.jpg;9
/mnt/data/kaknig/kaknig.17.jpg;9
/mnt/data/vstros/vstros.15.jpg;10
/mnt/data/vstros/vstros.9.jpg;10
/mnt/data/vstros/vstros.5.jpg;10
/mnt/data/vstros/vstros.19.jpg;10
/mnt/data/vstros/vstros.8.jpg;10
/mnt/data/vstros/vstros.14.jpg;10
/mnt/data/vstros/vstros.12.jpg;10
/mnt/data/vstros/vstros.18.jpg;10
/mnt/data/vstros/vstros.10.jpg;10
/mnt/data/vstros/vstros.17.jpg;10
/mnt/data/vstros/vstros.11.jpg;10
/mnt/data/vstros/vstros.13.jpg;10
/mnt/data/vstros/vstros.4.jpg;10
/mnt/data/vstros/vstros.20.jpg;10
/mnt/data/vstros/vstros.16.jpg;10
/mnt/data/vstros/vstros.6.jpg;10
/mnt/data/quangnam/quangnam.7.jpg;11
/mnt/data/quangnam/quangnam.16.jpg;11
/mnt/data/quangnam/quangnam.17.jpg;11
/mnt/data/quangnam/quangnam.31.jpg;11
/mnt/data/quangnam/quangnam.36.jpg;11
/mnt/data/quangnam/quangnam.32.jpg;11
/mnt/data/quangnam/quangnam.3.jpg;11
/mnt/data/quangnam/quangnam.0.jpg;11
/mnt/data/quangnam/quangnam.2.jpg;11
/mnt/data/quangnam/quangnam.15.jpg;11
/mnt/data/quangnam/quangnam.37.jpg;11
/mnt/data/quangnam/quangnam.6.jpg;11
/mnt/data/quangnam/quangnam.29.jpg;11
/mnt/data/quangnam/quangnam.5.jpg;11
/mnt/data/quangnam/quangnam.19.jpg;11
/mnt/data/quangnam/quangnam.18.jpg;11
/mnt/data/hoaithuong/hoaithuong.27.jpg;12
/mnt/data/hoaithuong/hoaithuong.29.jpg;12
/mnt/data/hoaithuong/hoaithuong.14.jpg;12
/mnt/data/hoaithuong/hoaithuong.30.jpg;12
/mnt/data/hoaithuong/hoaithuong.10.jpg;12
/mnt/data/hoaithuong/hoaithuong.2.jpg;12
/mnt/data/hoaithuong/hoaithuong.8.jpg;12
/mnt/data/hoaithuong/hoaithuong.36.jpg;12
/mnt/data/hoaithuong/hoaithuong.34.jpg;12
/mnt/data/hoaithuong/hoaithuong.9.jpg;12
/mnt/data/hoaithuong/hoaithuong.3.jpg;12
/mnt/data/hoaithuong/hoaithuong.16.jpg;12
/mnt/data/hoaithuong/hoaithuong.20.jpg;12
/mnt/data/hoaithuong/hoaithuong.22.jpg;12
/mnt/data/hoaithuong/hoaithuong.15.jpg;12
/mnt/data/hoaithuong/hoaithuong.26.jpg;12
/mnt/data/elduns/elduns.8.jpg;13
/mnt/data/elduns/elduns.18.jpg;13
/mnt/data/elduns/elduns.7.jpg;13
/mnt/data/elduns/elduns.19.jpg;13
/mnt/data/elduns/elduns.2.jpg;13
/mnt/data/elduns/elduns.17.jpg;13
/mnt/data/elduns/elduns.3.jpg;13
/mnt/data/elduns/elduns.4.jpg;13
/mnt/data/elduns/elduns.13.jpg;13
/mnt/data/elduns/elduns.11.jpg;13
/mnt/data/elduns/elduns.20.jpg;13
/mnt/data/elduns/elduns.10.jpg;13
/mnt/data/elduns/elduns.1.jpg;13
/mnt/data/elduns/elduns.9.jpg;13
/mnt/data/elduns/elduns.5.jpg;13
/mnt/data/elduns/elduns.6.jpg;13
/mnt/data/asamma/asamma.14.jpg;14
/mnt/data/asamma/asamma.3.jpg;14
/mnt/data/asamma/asamma.4.jpg;14
/mnt/data/asamma/asamma.18.jpg;14
/mnt/data/asamma/asamma.7.jpg;14
/mnt/data/asamma/asamma.5.jpg;14
/mnt/data/asamma/asamma.12.jpg;14
/mnt/data/asamma/asamma.9.jpg;14
/mnt/data/asamma/asamma.1.jpg;14
/mnt/data/asamma/asamma.6.jpg;14
/mnt/data/asamma/asamma.8.jpg;14
/mnt/data/asamma/asamma.17.jpg;14
/mnt/data/asamma/asamma.15.jpg;14
/mnt/data/asamma/asamma.16.jpg;14
/mnt/data/asamma/asamma.10.jpg;14
/mnt/data/asamma/asamma.20.jpg;14
/mnt/data/mbutle/mbutle.17.jpg;15
/mnt/data/mbutle/mbutle.12.jpg;15
/mnt/data/mbutle/mbutle.20.jpg;15
/mnt/data/mbutle/mbutle.13.jpg;15
/mnt/data/mbutle/mbutle.19.jpg;15
/mnt/data/mbutle/mbutle.3.jpg;15
/mnt/data/mbutle/mbutle.5.jpg;15
/mnt/data/mbutle/mbutle.11.jpg;15
/mnt/data/mbutle/mbutle.9.jpg;15
/mnt/data/mbutle/mbutle.14.jpg;15
/mnt/data/mbutle/mbutle.1.jpg;15
/mnt/data/mbutle/mbutle.2.jpg;15
/mnt/data/mbutle/mbutle.6.jpg;15
/mnt/data/mbutle/mbutle.8.jpg;15
/mnt/data/mbutle/mbutle.4.jpg;15
/mnt/data/mbutle/mbutle.18.jpg;15
/mnt/data/ksunth/ksunth.2.jpg;16
/mnt/data/ksunth/ksunth.13.jpg;16
/mnt/data/ksunth/ksunth.14.jpg;16
/mnt/data/ksunth/ksunth.16.jpg;16
/mnt/data/ksunth/ksunth.18.jpg;16
/mnt/data/ksunth/ksunth.6.jpg;16
/mnt/data/ksunth/ksunth.3.jpg;16
/mnt/data/ksunth/ksunth.7.jpg;16
/mnt/data/ksunth/ksunth.4.jpg;16
/mnt/data/ksunth/ksunth.17.jpg;16
/mnt/data/ksunth/ksunth.10.jpg;16
/mnt/data/ksunth/ksunth.11.jpg;16
/mnt/data/ksunth/ksunth.20.jpg;16
/mnt/data/ksunth/ksunth.12.jpg;16
/mnt/data/ksunth/ksunth.9.jpg;16
/mnt/data/ksunth/ksunth.8.jpg;16
/mnt/data/anpage/anpage.9.jpg;17
/mnt/data/anpage/anpage.2.jpg;17
/mnt/data/anpage/anpage.6.jpg;17
/mnt/data/anpage/anpage.20.jpg;17
/mnt/data/anpage/anpage.18.jpg;17
/mnt/data/anpage/anpage.17.jpg;17
/mnt/data/anpage/anpage.13.jpg;17
/mnt/data/anpage/anpage.7.jpg;17
/mnt/data/anpage/anpage.11.jpg;17
/mnt/data/anpage/anpage.19.jpg;17
/mnt/data/anpage/anpage.16.jpg;17
/mnt/data/anpage/anpage.10.jpg;17
/mnt/data/anpage/anpage.14.jpg;17
/mnt/data/anpage/anpage.4.jpg;17
/mnt/data/anpage/anpage.12.jpg;17
/mnt/data/anpage/anpage.3.jpg;17
/mnt/data/yfhsie/yfhsie.13.jpg;18
/mnt/data/yfhsie/yfhsie.8.jpg;18
/mnt/data/yfhsie/yfhsie.17.jpg;18
/mnt/data/yfhsie/yfhsie.16.jpg;18
/mnt/data/yfhsie/yfhsie.2.jpg;18
/mnt/data/yfhsie/yfhsie.3.jpg;18
/mnt/data/yfhsie/yfhsie.12.jpg;18
/mnt/data/yfhsie/yfhsie.4.jpg;18
/mnt/data/yfhsie/yfhsie.1.jpg;18
/mnt/data/yfhsie/yfhsie.14.jpg;18
/mnt/data/yfhsie/yfhsie.11.jpg;18
/mnt/data/yfhsie/yfhsie.20.jpg;18
/mnt/data/yfhsie/yfhsie.5.jpg;18
/mnt/data/yfhsie/yfhsie.19.jpg;18
/mnt/data/yfhsie/yfhsie.7.jpg;18
/mnt/data/yfhsie/yfhsie.9.jpg;18
/mnt/data/lfso/lfso.4.jpg;19
/mnt/data/lfso/lfso.5.jpg;19
/mnt/data/lfso/lfso.1.jpg;19
/mnt/data/lfso/lfso.14.jpg;19
/mnt/data/lfso/lfso.18.jpg;19
/mnt/data/lfso/lfso.3.jpg;19
/mnt/data/lfso/lfso.8.jpg;19
/mnt/data/lfso/lfso.19.jpg;19
/mnt/data/lfso/lfso.11.jpg;19
/mnt/data/lfso/lfso.7.jpg;19
/mnt/data/lfso/lfso.17.jpg;19
/mnt/data/lfso/lfso.10.jpg;19
/mnt/data/lfso/lfso.9.jpg;19
/mnt/data/lfso/lfso.6.jpg;19
/mnt/data/lfso/lfso.20.jpg;19
/mnt/data/lfso/lfso.2.jpg;19
/mnt/data/9338535/9338535.17.jpg;20
/mnt/data/9338535/9338535.15.jpg;20
/mnt/data/9338535/9338535.13.jpg;20
/mnt/data/9338535/9338535.6.jpg;20
/mnt/data/9338535/9338535.16.jpg;20
/mnt/data/9338535/9338535.11.jpg;20
/mnt/data/9338535/9338535.3.jpg;20
/mnt/data/9338535/9338535.19.jpg;20
/mnt/data/9338535/9338535.1.jpg;20
/mnt/data/9338535/9338535.18.jpg;20
/mnt/data/9338535/9338535.14.jpg;20
/mnt/data/9338535/9338535.7.jpg;20
/mnt/data/9338535/9338535.10.jpg;20
/mnt/data/9338535/9338535.5.jpg;20
/mnt/data/9338535/9338535.2.jpg;20
/mnt/data/9338535/9338535.20.jpg;20
/mnt/data/ekavaz/ekavaz.13.jpg;21
/mnt/data/ekavaz/ekavaz.14.jpg;21
/mnt/data/ekavaz/ekavaz.10.jpg;21
/mnt/data/ekavaz/ekavaz.11.jpg;21
/mnt/data/ekavaz/ekavaz.8.jpg;21
/mnt/data/ekavaz/ekavaz.2.jpg;21
/mnt/data/ekavaz/ekavaz.9.jpg;21
/mnt/data/ekavaz/ekavaz.18.jpg;21
/mnt/data/ekavaz/ekavaz.20.jpg;21
/mnt/data/ekavaz/ekavaz.17.jpg;21
/mnt/data/ekavaz/ekavaz.12.jpg;21
/mnt/data/ekavaz/ekavaz.5.jpg;21
/mnt/data/ekavaz/ekavaz.19.jpg;21
/mnt/data/ekavaz/ekavaz.6.jpg;21
/mnt/data/ekavaz/ekavaz.4.jpg;21
/mnt/data/ekavaz/ekavaz.7.jpg;21
